RK,TIERS,PLAYER NAME,TEAM,POS
1,1,Justin Jefferson,MIN,WR1
2,1,Christian McCaffrey,SF,RB1
3,1,Ja'Marr Chase,CIN,WR2
4,1,Austin Ekeler,LAC,RB2
5,1,Travis Kelce,KC,TE1
6,2,Tyreek Hill,MIA,WR3
7,2,Bijan Robinson,ATL,RB3
8,2,Nick Chubb,CLE,RB4
9,2,Cooper Kupp,LAR,WR4
10,2,Saquon Barkley,NYG,RB5
11,2,Stefon Diggs,BUF,WR5
12,3,CeeDee Lamb,DAL,WR6
13,3,Tony Pollard,DAL,RB6
14,3,A.J. Brown,PHI,WR7
15,3,Derrick Henry,TEN,RB7
16,3,Amon-Ra St. Brown,DET,WR8
17,3,Davante Adams,LV,WR9
18,3,Jonathan Taylor,IND,RB8
19,3,Garrett Wilson,NYJ,WR10
20,3,Rhamondre Stevenson,NE,RB9
21,3,Jaylen Waddle,MIA,WR11
22,3,Josh Jacobs,LV,RB10
23,4,Chris Olave,NO,WR12
24,4,DeVonta Smith,PHI,WR13
25,4,Tee Higgins,CIN,WR14
26,4,Patrick Mahomes II,KC,QB1
27,4,Najee Harris,PIT,RB11
28,4,Mark Andrews,BAL,TE2
29,4,Josh Allen,BUF,QB2
30,4,Jalen Hurts,PHI,QB3
31,4,Joe Mixon,CIN,RB12
32,4,DK Metcalf,SEA,WR15
33,4,Travis Etienne Jr.,JAC,RB13
34,4,Breece Hall,NYJ,RB14
35,4,Amari Cooper,CLE,WR16
36,4,Aaron Jones,GB,RB15
37,4,Jahmyr Gibbs,DET,RB16
38,4,Keenan Allen,LAC,WR17
39,5,Calvin Ridley,JAC,WR18
40,5,Deebo Samuel,SF,WR19
41,5,Lamar Jackson,BAL,QB4
42,5,Miles Sanders,CAR,RB17
43,5,Kenneth Walker III,SEA,RB18
44,5,DJ Moore,CHI,WR20
45,5,Joe Burrow,CIN,QB5
46,5,T.J. Hockenson,MIN,TE3
47,5,Jerry Jeudy,DEN,WR21
48,5,Terry McLaurin,WAS,WR22
49,5,DeAndre Hopkins,TEN,WR23
50,5,Cam Akers,LAR,RB19
51,5,Drake London,ATL,WR24
52,5,Justin Fields,CHI,QB6
53,5,Christian Watson,GB,WR25
54,5,J.K. Dobbins,BAL,RB20
55,5,Alexander Mattison,MIN,RB21
56,5,Justin Herbert,LAC,QB7
57,6,Chris Godwin,TB,WR26
58,6,Dameon Pierce,HOU,RB22
59,6,James Conner,ARI,RB23
60,6,Brandon Aiyuk,SF,WR27
61,6,Tyler Lockett,SEA,WR28
62,6,Christian Kirk,JAC,WR29
63,6,George Kittle,SF,TE4
64,6,Mike Williams,LAC,WR30
65,6,Diontae Johnson,PIT,WR31
66,6,Rachaad White,TB,RB24
67,6,Trevor Lawrence,JAC,QB8
68,6,Marquise Brown,ARI,WR32
69,6,David Montgomery,DET,RB25
70,6,Michael Pittman Jr.,IND,WR33
71,6,Alvin Kamara,NO,RB26
72,6,Javonte Williams,DEN,RB27
73,6,Mike Evans,TB,WR34
74,6,Kyle Pitts,ATL,TE5
75,6,Dallas Goedert,PHI,TE6
76,6,Darren Waller,NYG,TE7
77,6,Isiah Pacheco,KC,RB28
78,6,James Cook,BUF,RB29
79,7,D'Andre Swift,PHI,RB30
80,7,Jahan Dotson,WAS,WR35
81,7,George Pickens,PIT,WR36
82,7,Jaxon Smith-Njigba,SEA,WR37
83,7,Jordan Addison,MIN,WR38
84,7,Deshaun Watson,CLE,QB9
85,7,Gabe Davis,BUF,WR39
86,7,Treylon Burks,TEN,WR40
87,7,AJ Dillon,GB,RB31
88,7,Dak Prescott,DAL,QB10
89,7,Brian Robinson Jr.,WAS,RB32
90,7,Antonio Gibson,WAS,RB33
91,7,Dalvin Cook,FA,RB34
92,7,Brandin Cooks,DAL,WR41
93,7,Khalil Herbert,CHI,RB35
94,7,Courtland Sutton,DEN,WR42
95,7,Evan Engram,JAC,TE8
96,7,Rashaad Penny,PHI,RB36
97,7,Pat Freiermuth,PIT,TE9
98,7,Tua Tagovailoa,MIA,QB11
99,7,Quentin Johnston,LAC,WR43
100,7,Elijah Moore,CLE,WR44
101,7,David Njoku,CLE,TE10
102,7,Daniel Jones,NYG,QB12
103,7,Samaje Perine,DEN,RB37
104,8,Kirk Cousins,MIN,QB13
105,8,Jamaal Williams,NO,RB38
106,8,JuJu Smith-Schuster,NE,WR45
107,8,Rashod Bateman,BAL,WR46
108,8,Zay Flowers,BAL,WR47
109,8,Michael Thomas,NO,WR48
110,8,Damien Harris,BUF,RB39
111,8,Zach Charbonnet,SEA,RB40
112,8,Geno Smith,SEA,QB14
113,8,Kadarius Toney,KC,WR49
114,8,Jakobi Meyers,LV,WR50
115,8,Dalton Schultz,HOU,TE11
116,8,Skyy Moore,KC,WR51
117,8,Aaron Rodgers,NYJ,QB15
118,8,Nico Collins,HOU,WR52
119,8,Jerick McKinnon,KC,RB41
120,8,Elijah Mitchell,SF,RB42
121,8,Greg Dulcich,DEN,TE12
122,8,De'Von Achane,MIA,RB43
123,8,Jameson Williams,DET,WR53
124,8,Allen Lazard,NYJ,WR54
125,8,Jared Goff,DET,QB16
126,8,Chigoziem Okonkwo,TEN,TE13
127,8,Tyler Boyd,CIN,WR55
128,8,Tyler Higbee,LAR,TE14
129,8,Tyler Allgeier,ATL,RB44
130,8,Darnell Mooney,CHI,WR56
131,8,Anthony Richardson,IND,QB17
132,8,Jeff Wilson Jr.,MIA,RB45
133,8,Zay Jones,JAC,WR57
134,8,Odell Beckham Jr.,BAL,WR58
135,8,Russell Wilson,DEN,QB18
136,8,Rondale Moore,ARI,WR59
137,8,Devin Singletary,HOU,RB46
138,8,Cole Kmet,CHI,TE15
139,9,Adam Thielen,CAR,WR60
140,9,Raheem Mostert,MIA,RB47
141,9,Romeo Doubs,GB,WR61
142,9,DJ Chark Jr.,CAR,WR62
143,9,Jaylen Warren,PIT,RB48
144,9,Gerald Everett,LAC,TE16
145,9,D'Onta Foreman,CHI,RB49
146,9,Michael Gallup,DAL,WR63
147,9,Dalton Kincaid,BUF,TE17
148,9,Kendre Miller,NO,RB50
149,9,Tank Bigsby,JAC,RB51
150,9,Donovan Peoples-Jones,CLE,WR64
151,9,Matthew Stafford,LAR,QB19
152,9,Alec Pierce,IND,WR65
153,9,Derek Carr,NO,QB20
154,9,Kenneth Gainwell,PHI,RB52
155,9,Gus Edwards,BAL,RB53
156,9,Isaiah Hodgins,NYG,WR66
157,9,Curtis Samuel,WAS,WR67
158,9,Rashid Shaheed,NO,WR68
159,9,Juwan Johnson,NO,TE18
160,9,Kenny Pickett,PIT,QB21
161,9,Jerome Ford,CLE,RB54
162,9,Roschon Johnson,CHI,RB55
163,9,K.J. Osborn,MIN,WR69
164,9,Irv Smith Jr.,CIN,TE19
165,10,Chuba Hubbard,CAR,RB56
166,10,Van Jefferson,LAR,WR70
167,10,Jordan Love,GB,QB22
168,10,Marquez Valdes-Scantling,KC,WR71
169,10,Sam LaPorta,DET,TE20
170,10,John Metchie III,HOU,WR72
171,10,Hunter Renfrow,LV,WR73
172,10,Clyde Edwards-Helaire,KC,RB57
173,10,DeVante Parker,NE,WR74
174,10,Mike Gesicki,NE,TE21
175,10,Trey McBride,ARI,TE22
176,10,Zamir White,LV,RB58
177,10,San Francisco 49ers,SF,DST1
178,10,Jonathan Mingo,CAR,WR75
179,10,Darius Slayton,NYG,WR76
180,10,Hayden Hurst,CAR,TE23
181,10,Hunter Henry,NE,TE24
182,10,Dallas Cowboys,DAL,DST2
183,10,Brock Purdy,SF,QB23
184,10,Dawson Knox,BUF,TE25
185,10,Parris Campbell,NYG,WR77
186,10,Ezekiel Elliott,FA,RB59
187,10,Buffalo Bills,BUF,DST3
188,10,Cordarrelle Patterson,ATL,RB60
189,10,Philadelphia Eagles,PHI,DST4
190,10,Bryce Young,CAR,QB24
191,10,Chase Claypool,CHI,WR78
192,10,Justin Tucker,BAL,K1
193,10,Kyler Murray,ARI,QB25
194,10,Taysom Hill,NO,TE26
195,10,Robert Woods,HOU,WR79
196,10,Rashee Rice,KC,WR80
197,10,New York Jets,NYJ,DST5
198,10,Wan'Dale Robinson,NYG,WR81
199,10,New England Patriots,NE,DST6
200,10,Jayden Reed,GB,WR82
201,10,Tyler Bass,BUF,K2
202,10,Noah Fant,SEA,TE27
203,10,Baltimore Ravens,BAL,DST7
204,10,Mecole Hardman Jr.,NYJ,WR83
205,10,Michael Carter,NYJ,RB61
206,10,Joshua Palmer,LAC,WR84
207,10,Denver Broncos,DEN,DST8
208,10,Allen Robinson II,PIT,WR85
209,10,Harrison Butker,KC,K3
210,10,Ryan Tannehill,TEN,QB26
211,10,Jalin Hyatt,NYG,WR86
212,10,Marvin Mims Jr.,DEN,WR87
213,10,Evan McPherson,CIN,K4
214,10,Daniel Carlson,LV,K5
215,11,Tyjae Spears,TEN,RB62
216,11,Joshua Kelley,LAC,RB63
217,11,Tyquan Thornton,NE,WR88
218,11,Leonard Fournette,FA,RB64
219,11,Corey Davis,NYJ,WR89
220,11,Terrace Marshall Jr.,CAR,WR90
221,11,Kansas City Chiefs,KC,DST9
222,11,Pierre Strong Jr.,NE,RB65
223,11,New Orleans Saints,NO,DST10
224,11,Pittsburgh Steelers,PIT,DST11
225,11,Kareem Hunt,FA,RB66
226,11,Sam Howell,WAS,QB27
227,11,Josh Downs,IND,WR91
228,11,Michael Mayer,LV,TE28
229,11,C.J. Stroud,HOU,QB28
230,11,Younghoe Koo,ATL,K6
231,11,Cincinnati Bengals,CIN,DST12
232,11,Miami Dolphins,MIA,DST13
233,11,Jelani Woods,IND,TE29
234,11,Jason Sanders,MIA,K7
235,11,Jimmy Garoppolo,LV,QB29
236,11,Russell Gage,TB,WR92
237,11,Tampa Bay Buccaneers,TB,DST14
238,11,Chase Brown,CIN,RB67
239,11,Khalil Shakir,BUF,WR93
240,11,Zach Ertz,ARI,TE30
241,11,Mac Jones,NE,QB30
242,11,Cleveland Browns,CLE,DST15
243,11,Washington Commanders,WAS,DST16
244,11,Jake Elliott,PHI,K8
245,11,Brandon McManus,JAC,K9
246,11,Jason Myers,SEA,K10
247,11,Zach Evans,LAR,RB68
248,11,Richie James Jr.,KC,WR94
249,11,Los Angeles Chargers,LAC,DST17
250,11,Chase Edmonds,TB,RB69
251,11,Isaiah Likely,BAL,TE31
252,11,Green Bay Packers,GB,DST18
253,11,Matt Gay,IND,K11
254,11,Graham Gano,NYG,K12
255,11,Cade Otton,TB,TE32
256,11,Desmond Ridder,ATL,QB31
257,11,Greg Joseph,MIN,K13
258,11,Josh Reynolds,DET,WR95
259,11,Mack Hollins,ATL,WR96
260,11,Greg Zuerlein,NYJ,K14
261,11,Marvin Jones Jr.,DET,WR97
262,12,Jacksonville Jaguars,JAC,DST19
263,12,Indianapolis Colts,IND,DST20
264,12,Kyren Williams,LAR,RB70
265,12,Logan Thomas,WAS,TE33
266,12,Nick Folk,NE,K15
267,12,Wil Lutz,NO,K16
268,12,Isaiah Spiller,LAC,RB71
269,12,Israel Abanikanda,NYJ,RB72
270,12,Kendrick Bourne,NE,WR98
271,12,Los Angeles Rams,LAR,DST21
272,12,Sterling Shepard,NYG,WR99
273,12,Carolina Panthers,CAR,DST22
274,12,Baker Mayfield,TB,QB32
275,12,Tyler Conklin,NYJ,TE34
276,12,Matt Prater,ARI,K17
277,12,Luke Musgrave,GB,TE35
278,12,Jake Ferguson,DAL,TE36
279,12,Chris Boswell,PIT,K18
280,12,Quez Watkins,PHI,WR100
281,12,Isaiah McKenzie,IND,WR101
282,12,Latavius Murray,BUF,RB73
283,12,Seattle Seahawks,SEA,DST23
284,12,Zonovan Knight,NYJ,RB74
285,12,New York Giants,NYG,DST24
286,12,Jordan Mason,SF,RB75
287,12,Riley Patterson,DET,K19
288,12,Ty Chandler,MIN,RB76
289,12,D'Ernest Johnson,JAC,RB77
290,12,Tennessee Titans,TEN,DST25
291,12,DeWayne McBride,MIN,RB78
292,12,Laviska Shenault Jr.,CAR,WR102
293,12,Zack Moss,IND,RB79
294,12,Boston Scott,PHI,RB80
295,12,Tank Dell,HOU,WR103
296,12,Malik Davis,DAL,RB81
297,12,Evan Hull,IND,RB82
298,12,Detroit Lions,DET,DST26
299,12,Matt Breida,NYG,RB83
300,12,Jake Moody,SF,K20
301,12,Cairo Santos,CHI,K21
302,12,JaMycal Hasty,JAC,RB84
303,12,Braxton Berrios,MIA,WR104
304,12,Ka'imi Fairbairn,HOU,K22
305,12,Dustin Hopkins,LAC,K23
306,12,James Robinson,NYG,RB85
307,12,Cedric Tillman,CLE,WR105
308,12,Devin Duvernay,BAL,WR106
309,12,Sean Tucker,TB,RB86
310,12,Daniel Bellinger,NYG,TE37
311,12,Nick Westbrook-Ikhine,TEN,WR107
312,12,Puka Nacua,LAR,WR108
313,12,Trey Lance,SF,QB33
314,12,Deuce Vaughn,DAL,RB87
315,12,Kayshon Boutte,NE,WR109
316,12,Keaontay Ingram,ARI,RB88
317,12,Austin Hooper,LV,TE38
318,12,Minnesota Vikings,MIN,DST27
319,12,Tyrion Davis-Price,SF,RB89
320,12,Ronald Jones II,DAL,RB90
321,13,Justyn Ross,KC,WR110
322,13,David Bell,CLE,WR111
323,13,Eric Gray,NYG,RB91
324,13,Chris Evans,CIN,RB92
325,13,Michael Wilson,ARI,WR112
326,13,Michael Badgley,WAS,K24
327,13,Jacoby Brissett,WAS,QB34
328,13,Hassan Haskins,TEN,RB93
329,13,Cade York,CLE,K25
330,13,Melvin Gordon III,BAL,RB94
331,13,Greg Dortch,ARI,WR113
332,13,Tim Patrick,DEN,WR114
333,13,Deon Jackson,IND,RB95
334,13,Cameron Dicker,LAC,K26
335,13,Robert Tonyan,CHI,TE39
336,13,Brett Maher,DEN,K27
337,13,Trayveon Williams,CIN,RB96
338,13,Nelson Agholor,BAL,WR115
339,13,DeeJay Dallas,SEA,RB97
340,13,KJ Hamler,FA,WR116
341,13,Luke Schoonmaker,DAL,TE40
342,13,Will Levis,TEN,QB35
343,13,Robbie Gould,FA,K28
344,13,Kyle Philips,TEN,WR117
345,13,Ryan Succop,FA,K29
346,13,Salvon Ahmed,MIA,RB98
347,13,Albert Okwuegbunam,DEN,TE41
348,13,Tutu Atwell,LAR,WR118
349,13,Jonnu Smith,ATL,TE42
350,13,Robbie Chosen,MIA,WR119
351,13,Arizona Cardinals,ARI,DST28
352,13,Deonte Harty,BUF,WR120
353,13,Eddy Pineiro,CAR,K30
354,13,Foster Moreau,NO,TE43
355,13,Kenyan Drake,IND,RB99
356,13,Jauan Jennings,SF,WR121
357,13,Myles Gaskin,MIA,RB100
358,13,Ke'Shawn Vaughn,TB,RB101
359,13,Kenny McIntosh,SEA,RB102
360,13,Deneric Prince,KC,RB103
361,13,J.D. McKissic,FA,RB104
362,13,Kyle Trask,TB,QB36
363,13,Colt McCoy,ARI,QB37
364,13,Noah Brown,HOU,WR122
365,13,Darnell Washington,PIT,TE44
366,13,Xavier Hutchinson,HOU,WR123
367,13,Ben Skowronek,LAR,WR124
368,14,Tucker Kraft,GB,TE45
369,14,Adam Trautman,DEN,TE46
370,14,Kevin Harris,NE,RB105
371,14,Mason Crosby,FA,K31
372,14,Donald Parham Jr.,LAC,TE47
373,14,Noah Gray,KC,TE48
374,14,Ameer Abdullah,LV,RB106
375,14,Rodrigo Blankenship,TB,K32
376,14,Olamide Zaccheaus,PHI,WR125
377,14,Will Dissly,SEA,TE49
378,14,Gardner Minshew II,IND,QB38
379,14,Tristan Vizcaino,FA,K33
380,14,Julio Jones,FA,WR126
381,14,Houston Texans,HOU,DST29
382,14,Chicago Bears,CHI,DST30
383,14,A.T. Perry,NO,WR127
384,14,Darrell Henderson Jr.,FA,RB107
385,14,Marquez Callaway,DEN,WR128
386,14,Jarvis Landry,FA,WR129
387,14,Ty Montgomery,NE,RB108
388,14,Atlanta Falcons,ATL,DST31
389,14,Sam Darnold,SF,QB39
390,14,Tyler Scott,CHI,WR130
391,14,C.J. Uzomah,NYJ,TE50
392,14,Raheem Blackshear,CAR,RB109
393,14,Kene Nwangwu,MIN,RB110
394,14,Durham Smythe,MIA,TE51
395,14,Dontrell Hilliard,FA,RB111
396,14,Calvin Austin III,PIT,WR131
397,14,Jamison Crowder,NYG,WR132
398,14,Kalif Raymond,DET,WR133
399,14,Chris Rodriguez Jr.,WAS,RB112
400,14,Harrison Bryant,CLE,TE52
401,14,Brevin Jordan,HOU,TE53
402,14,Mo Alie-Cox,IND,TE54
403,14,Jalen Tolbert,DAL,WR134
404,14,Chris Moore,TEN,WR135
405,14,Demarcus Robinson,LAR,WR136
406,14,Justin Watson,KC,WR137
407,14,Trent Sherfield,BUF,WR138
408,14,Cedrick Wilson Jr.,MIA,WR139
409,14,Taylor Heinicke,ATL,QB40
410,14,Darrel Williams,FA,RB113
411,14,Randall Cobb,NYJ,WR140
412,14,Charlie Jones,CIN,WR141
413,14,Kylen Granson,IND,TE55
414,14,Justin Jackson,FA,RB114
415,14,Craig Reynolds,DET,RB115
416,14,Jameis Winston,NO,QB41
417,14,Chase McLaughlin,TB,K34
418,14,Trey Palmer,TB,WR142
419,14,Peyton Hendershot,DAL,TE56
420,14,Jamal Agnew,JAC,WR143
421,14,Rico Dowdle,DAL,RB116
422,14,Brandon Aubrey,DAL,K35
423,14,Corey Clement,ARI,RB117
424,14,Joey Slye,WAS,K36
425,14,Dyami Brown,WAS,WR144
426,14,Las Vegas Raiders,LV,DST32
427,14,Demario Douglas,NE,WR145
428,14,Anders Carlson,GB,K37
429,14,Parker Washington,JAC,WR146
430,14,Jeremy Ruckert,NYJ,TE57
431,14,Chad Ryland,NE,K38
432,14,Jordan Akins,CLE,TE58
433,14,Cole Turner,WAS,TE59
434,14,Trenton Irwin,CIN,WR147
435,14,Mark Ingram II,FA,RB118
436,15,Tre'Quan Smith,NO,WR148
437,15,Samori Toure,GB,WR149
438,15,Scott Miller,ATL,WR150
439,15,Denzel Mims,DET,WR151
440,15,Tanner Brown,LAR,K39
441,15,Rex Burkhead,FA,RB119
442,15,Caleb Shudak,TEN,K40
443,15,Justice Hill,BAL,RB120
444,15,Justin Shorter,BUF,WR152
445,15,DeAndre Carter,LV,WR153
446,15,Zach Pascal,ARI,WR154
447,15,Brenton Strange,JAC,TE60
448,15,Mike White,MIA,QB42
449,15,Clayton Tune,ARI,QB43
450,15,Zack Kuntz,NYJ,TE61
451,15,Bailey Zappe,NE,QB44
452,15,Ty Johnson,FA,RB121
453,15,Keaton Mitchell,BAL,RB122
454,15,Colby Parkinson,SEA,TE62
455,15,Randy Bullock,FA,K41
456,15,Brock Wright,DET,TE63
457,15,Dontayvion Wicks,GB,WR155
458,15,Kenny Golladay,FA,WR156
459,15,James Mitchell,DET,TE64
460,15,Jalen Guyton,LAC,WR157
461,15,Hunter Long,LAR,TE65
462,15,Elijah Higgins,MIA,TE66
463,15,Malik Willis,TEN,QB45
464,15,Velus Jones Jr.,CHI,WR158
465,15,Danny Gray,SF,WR159
466,15,Tyler Davis,FA,K42
467,15,Kyle Juszczyk,SF,RB123
468,15,John Bates,WAS,TE67
469,15,Brandon Bolden,LV,RB124
470,15,Zane Gonzalez,SF,K43
471,15,Tony Jones Jr.,DEN,RB125
472,15,Carson Wentz,FA,QB46
473,15,Andrei Iosivas,CIN,WR160
474,15,Zach Wilson,NYJ,QB47
475,15,Josh Oliver,MIN,TE68
476,15,Tre Tucker,LV,WR161
477,15,Marquise Goodwin,CLE,WR162
478,15,Jalen Reagor,MIN,WR163
479,15,Mike Boone,HOU,RB126
480,15,Bryce Ford-Wheaton,NYG,WR164
481,15,Demetric Felton Jr.,CLE,RB127
482,15,Equanimeous St. Brown,CHI,WR165
483,15,Jarrett Stidham,DEN,QB48
484,15,Jalen Nailor,MIN,WR166
485,15,Anthony McFarland Jr.,PIT,RB128
486,15,Josiah Deguara,GB,TE69
487,15,Tommy Tremble,CAR,TE70
488,15,Ian Thomas,CAR,TE71
489,15,Tyler Badie,DEN,RB129
490,15,Tyler Huntley,BAL,QB49
491,15,Mohamed Ibrahim,DET,RB130
492,15,Travis Homer,CHI,RB131
493,15,O.J. Howard,FA,TE72
494,15,Charlie Kolar,BAL,TE73
495,15,Eric Saubert,MIA,TE74
496,15,Cameron Latu,SF,TE75
497,15,Ross Dwelley,SF,TE76
498,15,Andy Dalton,CAR,QB50
499,15,KhaDarel Hodge,ATL,WR167
500,15,Hendon Hooker,DET,QB51
501,15,Josh Whyle,TEN,TE77
502,15,Jimmy Graham,NO,TE78
503,15,Jody Fortson,KC,TE79
504,15,Brian Hoyer,LV,QB52
505,15,Derius Davis,LAC,WR168
506,15,Trestan Ebner,CHI,RB132
507,15,Damien Williams,LV,RB133
508,15,Dan Arnold,PHI,TE80
509,15,Elliott Fry,DEN,K44
510,15,Trey Sermon,PHI,RB134
511,15,Gary Brightwell,NYG,RB135
512,15,Ashton Dulin,IND,WR169
513,15,Shi Smith,CAR,WR170
514,15,Grant Calcaterra,PHI,TE81
515,15,T.Y. Hilton,FA,WR171
516,15,Tre' McKitty,LAC,TE82
517,15,Tiyon Evans,FA,RB136
518,15,Anthony Schwartz,CLE,WR172
519,15,Kendric Pryor,JAC,WR173
520,16,Byron Pringle,WAS,WR174
521,16,Quintin Morris,BUF,TE83
522,16,Lew Nichols III,GB,RB137
523,16,Giovanni Ricci,CAR,TE84
524,16,Brandon Powell,MIN,WR175
525,16,Jack Stoll,PHI,TE85
526,16,Johnny Mundt,MIN,TE86
527,16,Jesper Horsted,LV,TE87
528,16,Caleb Huntley,FA,RB138
529,16,Sammy Watkins,FA,WR176
530,16,Will Mallory,IND,TE88
531,16,Drew Sample,CIN,TE89
532,16,Alec Ingold,MIA,RB139
533,16,Brycen Hopkins,LAR,TE90
534,16,Tylan Wallace,BAL,WR177
535,16,Teagan Quitoriano,HOU,TE91
536,16,Chris Manhertz,DEN,TE92
537,16,Dee Eskridge,SEA,WR178
538,16,Dante Pettis,CHI,WR179
539,16,Shane Zylstra,DET,TE93
540,16,Dorian Thompson-Robinson,CLE,QB53
541,16,Marcus Mariota,PHI,QB54
542,16,Cam Sims,LV,WR180
543,16,Zach Gentry,PIT,TE94
544,16,Amari Rodgers,IND,WR181
545,16,Parker Hesse,ATL,TE95
546,16,Erik Ezukanma,MIA,WR182
547,16,David Sills V,NYG,WR183
548,16,Cameron Brate,FA,TE96
549,16,Montrell Washington,DEN,WR184
550,16,Connor Heyward,PIT,TE97
551,16,Ray-Ray McCloud III,SF,WR185
552,16,Andrew Beck,HOU,TE98
553,16,Phillip Dorsett II,LV,WR186
554,16,C.J. Ham,MIN,RB140
555,16,Juwann Winfree,IND,WR187
556,16,Davis Mills,HOU,QB55
557,16,James Proche II,BAL,WR188
558,16,Chris Myarick,NYG,TE99
559,16,Tommy Sweeney,NYG,TE100
560,16,Mike Davis,FA,RB141
561,16,Davis Allen,LAR,TE101
562,16,Marcus Johnson,FA,WR189
563,16,Matt Ryan,FA,QB56
564,16,Geoff Swaim,ARI,TE102
565,16,Case Keenum,HOU,QB57
566,16,Malcolm Brown,FA,RB142
567,16,Mitchell Wilcox,CIN,TE103
568,16,Kendall Hinton,DEN,WR190
569,16,Tom Kennedy,FA,WR191
570,16,Mitch Trubisky,PIT,QB58
571,16,Tanner Hudson,CIN,TE104
572,16,River Cracraft,MIA,WR192
573,16,MyCole Pruitt,ATL,TE105
574,16,Jason Moore Jr.,FA,WR193
575,16,Dax Milne,WAS,WR194
576,16,Blake Proehl,MIN,WR195
577,16,Avery Williams,ATL,RB143
578,16,Pharaoh Brown,IND,TE106
579,16,Cody Hollister,FA,WR196
580,16,Devin Asiasi,CIN,TE107
581,16,Damiere Byrd,CAR,WR197
582,16,Mike Strachan,IND,WR198
583,16,Nick Boyle,FA,TE108
584,16,Armani Rogers,WAS,TE109
585,16,Kendall Blanton,KC,TE110
586,16,Patrick Ricard,BAL,RB144
587,16,Bryan Edwards,NO,WR199
588,16,Jeff Smith,FA,WR200
589,16,Michael Bandy,DEN,WR201
590,16,Rashard Higgins,FA,WR202
591,16,Breshad Perriman,IND,WR203
592,16,Zander Horvath,LAC,RB145
593,16,Tevin Coleman,FA,RB146
